"","OCC_CODE","OCC_TITLE"
"1","11-0000","Management occupations"
"2","11-1011","Chief executives"
"3","11-1021","General and operations managers"
"4","11-1031","Legislators"
"5","11-2011","Advertising and promotions managers"
"6","11-2021","Marketing managers"
"7","11-2022","Sales managers"
"8","11-2031","Public relations managers"
"9","11-3011","Administrative services managers"
"10","11-3021","Computer and information systems managers"
"11","11-3031","Financial managers"
"12","11-3040","Human resources managers"
"13","11-3051","Industrial production managers"
"14","11-3061","Purchasing managers"
"15","11-3071","Transportation, storage, and distribution managers"
"16","11-9011","Farm, ranch, and other agricultural managers"
"17","11-9021","Construction managers"
"18","11-9031","Education administrators, preschool and child care center/program"
"19","11-9032","Education administrators, elementary and secondary school"
"20","11-9033","Education administrators, postsecondary"
"21","11-9041","Engineering managers"
"22","11-9051","Food service managers"
"23","11-9061","Funeral directors"
"24","11-9081","Lodging managers"
"25","11-9111","Medical and health services managers"
"26","11-9121","Natural sciences managers"
"27","11-9131","Postmasters and mail superintendents"
"28","11-9141","Property, real estate, and community association managers"
"29","11-9151","Social and community service managers"
"30","13-0000","Business and financial operations occupations"
"31","13-1011","Agents and business managers of artists, performers, and athletes"
"32","13-1021","Purchasing agents and buyers, farm products"
"33","13-1022","Wholesale and retail buyers, except farm products"
"34","13-1023","Purchasing agents, except wholesale, retail, and farm products"
"35","13-1031","Claims adjusters, examiners, and investigators"
"36","13-1041","Compliance officers, except agriculture, construction, health and safety, and transportation"
"37","13-1051","Cost estimators"
"38","13-1061","Emergency management specialists"
"39","13-1071","Employment, recruitment, and placement specialists"
"40","13-1072","Compensation, benefits, and job analysis specialists"
"41","13-1073","Training and development specialists"
"42","13-1111","Management analysts"
"43","13-1121","Meeting and convention planners"
"44","13-2011","Accountants and auditors"
"45","13-2021","Appraisers and assessors of real estate"
"46","13-2031","Budget analysts"
"47","13-2041","Credit analysts"
"48","13-2051","Financial analysts"
"49","13-2052","Personal financial advisors"
"50","13-2053","Insurance underwriters"
"51","13-2061","Financial examiners"
"52","13-2071","Loan counselors"
"53","13-2072","Loan officers"
"54","13-2081","Tax examiners, collectors, and revenue agents"
"55","13-2082","Tax preparers"
"56","15-0000","Computer and mathematical occupations"
"57","15-1011","Computer and information scientists, research"
"58","15-1021","Computer programmers"
"59","15-1031","Computer software engineers, applications"
"60","15-1032","Computer software engineers, systems software"
"61","15-1041","Computer support specialists"
"62","15-1051","Computer systems analysts"
"63","15-1061","Database administrators"
"64","15-1071","Network and computer systems administrators"
"65","15-1081","Network systems and data communications analysts"
"66","15-2011","Actuaries"
"67","15-2031","Operations research analysts"
"68","15-2041","Statisticians"
"69","17-0000","Architecture and engineering occupations"
"70","17-1011","Architects, except landscape and naval"
"71","17-1021","Cartographers and photogrammetrists"
"72","17-1022","Surveyors"
"73","17-2011","Aerospace engineers"
"74","17-2031","Biomedical engineers"
"75","17-2041","Chemical engineers"
"76","17-2051","Civil engineers"
"77","17-2061","Computer hardware engineers"
"78","17-2071","Electrical engineers"
"79","17-2072","Electronics engineers, except computer"
"80","17-2081","Environmental engineers"
"81","17-2111","Health and safety engineers, except mining safety engineers and inspectors"
"82","17-2112","Industrial engineers"
"83","17-2121","Marine engineers and naval architects"
"84","17-2131","Materials engineers"
"85","17-2141","Mechanical engineers"
"86","17-2151","Mining and geological engineers, including mining safety engineers"
"87","17-3011","Architectural and civil drafters"
"88","17-3012","Electrical and electronics drafters"
"89","17-3013","Mechanical drafters"
"90","17-3021","Aerospace engineering and operations technicians"
"91","17-3022","Civil engineering technicians"
"92","17-3023","Electrical and electronic engineering technicians"
"93","17-3024","Electro-mechanical technicians"
"94","17-3025","Environmental engineering technicians"
"95","17-3026","Industrial engineering technicians"
"96","17-3027","Mechanical engineering technicians"
"97","17-3031","Surveying and mapping technicians"
"98","19-0000","Life, physical, and social science occupations"
"99","19-1010","Agricultural and food scientists"
"100","19-1023","Zoologists and wildlife biologists"
"101","19-1031","Conservation scientists"
"102","19-1032","Foresters"
"103","19-1042","Medical scientists, except epidemiologists"
"104","19-2021","Atmospheric and space scientists"
"105","19-2031","Chemists"
"106","19-2032","Materials scientists"
"107","19-2041","Environmental scientists and specialists, including health"
"108","19-2042","Geoscientists, except hydrologists and geographers"
"109","19-3011","Economists"
"110","19-3021","Market research analysts"
"111","19-3022","Survey researchers"
"112","19-3031","Clinical, counseling, and school psychologists"
"113","19-3051","Urban and regional planners"
"114","19-3093","Historians"
"115","19-4011","Agricultural and food science technicians"
"116","19-4021","Biological technicians"
"117","19-4031","Chemical technicians"
"118","19-4041","Geological and petroleum technicians"
"119","19-4091","Environmental science and protection technicians, including health"
"120","21-0000","Community and social services occupations"
"121","21-1011","Substance abuse and behavioral disorder counselors"
"122","21-1012","Educational, vocational, and school counselors"
"123","21-1013","Marriage and family therapists"
"124","21-1014","Mental health counselors"
"125","21-1015","Rehabilitation counselors"
"126","21-1021","Child, family, and school social workers"
"127","21-1022","Medical and public health social workers"
"128","21-1023","Mental health and substance abuse social workers"
"129","21-1091","Health educators"
"130","21-1092","Probation officers and correctional treatment specialists"
"131","21-1093","Social and human service assistants"
"132","21-2011","Clergy"
"133","23-0000","Legal occupations"
"134","23-1011","Lawyers"
"135","23-1023","Judges, magistrate judges, and magistrates"
"136","23-2011","Paralegals and legal assistants"
"137","23-2091","Court reporters"
"138","23-2092","Law clerks"
"139","23-2093","Title examiners, abstractors, and searchers"
"140","25-0000","Education, training, and library occupations"
"141","25-1011","Business teachers, postsecondary"
"142","25-1021","Computer science teachers, postsecondary"
"143","25-1022","Mathematical science teachers, postsecondary"
"144","25-1032","Engineering teachers, postsecondary"
"145","25-1041","Agricultural sciences teachers, postsecondary"
"146","25-1042","Biological science teachers, postsecondary"
"147","25-1051","Atmospheric, earth, marine, and space sciences teachers, postsecondary"
"148","25-1052","Chemistry teachers, postsecondary"
"149","25-1054","Physics teachers, postsecondary"
"150","25-1063","Economics teachers, postsecondary"
"151","25-1064","Geography teachers, postsecondary"
"152","25-1065","Political science teachers, postsecondary"
"153","25-1066","Psychology teachers, postsecondary"
"154","25-1067","Sociology teachers, postsecondary"
"155","25-1072","Nursing instructors and teachers, postsecondary"
"156","25-1081","Education teachers, postsecondary"
"157","25-1111","Criminal justice and law enforcement teachers, postsecondary"
"158","25-1112","Law teachers, postsecondary"
"159","25-1113","Social work teachers, postsecondary"
"160","25-1121","Art, drama, and music teachers, postsecondary"
"161","25-1122","Communications teachers, postsecondary"
"162","25-1123","English language and literature teachers, postsecondary"
"163","25-1124","Foreign language and literature teachers, postsecondary"
"164","25-1125","History teachers, postsecondary"
"165","25-1126","Philosophy and religion teachers, postsecondary"
"166","25-1191","Graduate teaching assistants"
"167","25-1193","Recreation and fitness studies teachers, postsecondary"
"168","25-1194","Vocational education teachers, postsecondary"
"169","25-2011","Preschool teachers, except special education"
"170","25-2012","Kindergarten teachers, except special education"
"171","25-2021","Elementary school teachers, except special education"
"172","25-2022","Middle school teachers, except special and vocational education"
"173","25-2023","Vocational education teachers, middle school"
"174","25-2031","Secondary school teachers, except special and vocational education"
"175","25-2032","Vocational education teachers, secondary school"
"176","25-2041","Special education teachers, preschool, kindergarten, and elementary school"
"177","25-2042","Special education teachers, middle school"
"178","25-2043","Special education teachers, secondary school"
"179","25-3011","Adult literacy, remedial education, and ged teachers and instructors"
"180","25-3021","Self-enrichment education teachers"
"181","25-4010","Archivists, curators, and museum technicians"
"182","25-4021","Librarians"
"183","25-4031","Library technicians"
"184","25-9011","Audio-visual collections specialists"
"185","25-9031","Instructional coordinators"
"186","25-9041","Teacher assistants"
"187","27-0000","Arts, design, entertainment, sports, and media occupations"
"188","27-1011","Art directors"
"189","27-1013","Fine artists, including painters, sculptors, and illustrators"
"190","27-1014","Multi-media artists and animators"
"191","27-1021","Commercial and industrial designers"
"192","27-1023","Floral designers"
"193","27-1024","Graphic designers"
"194","27-1025","Interior designers"
"195","27-1026","Merchandise displayers and window trimmers"
"196","27-2012","Producers and directors"
"197","27-2022","Coaches and scouts"
"198","27-2032","Choreographers"
"199","27-2041","Music directors and composers"
"200","27-2042","Musicians and singers"
"201","27-3010","Announcers"
"202","27-3020","News analysts, reporters and correspondents"
"203","27-3031","Public relations specialists"
"204","27-3041","Editors"
"205","27-3042","Technical writers"
"206","27-3043","Writers and authors"
"207","27-3091","Interpreters and translators"
"208","27-4011","Audio and video equipment technicians"
"209","27-4012","Broadcast technicians"
"210","27-4013","Radio operators"
"211","27-4021","Photographers"
"212","27-4031","Camera operators, television, video, and motion picture"
"213","27-4032","Film and video editors"
"214","29-0000","Healthcare practitioners and technical occupations"
"215","29-1020","Dentists"
"216","29-1031","Dietitians and nutritionists"
"217","29-1041","Optometrists"
"218","29-1051","Pharmacists"
"219","29-1061","Anesthesiologists"
"220","29-1062","Family and general practitioners"
"221","29-1063","Internists, general"
"222","29-1065","Pediatricians, general"
"223","29-1066","Psychiatrists"
"224","29-1067","Surgeons"
"225","29-1111","Registered nurses"
"226","29-1121","Audiologists"
"227","29-1122","Occupational therapists"
"228","29-1123","Physical therapists"
"229","29-1124","Radiation therapists"
"230","29-1125","Recreational therapists"
"231","29-1126","Respiratory therapists"
"232","29-1127","Speech-language pathologists"
"233","29-1131","Veterinarians"
"234","29-2011","Medical and clinical laboratory technologists"
"235","29-2012","Medical and clinical laboratory technicians"
"236","29-2021","Dental hygienists"
"237","29-2031","Cardiovascular technologists and technicians"
"238","29-2032","Diagnostic medical sonographers"
"239","29-2033","Nuclear medicine technologists"
"240","29-2034","Radiologic technologists and technicians"
"241","29-2041","Emergency medical technicians and paramedics"
"242","29-2051","Dietetic technicians"
"243","29-2052","Pharmacy technicians"
"244","29-2053","Psychiatric technicians"
"245","29-2054","Respiratory therapy technicians"
"246","29-2055","Surgical technologists"
"247","29-2056","Veterinary technologists and technicians"
"248","29-2061","Licensed practical and licensed vocational nurses"
"249","29-2071","Medical records and health information technicians"
"250","29-2081","Opticians, dispensing"
"251","29-9010","Occupational health and safety specialists and technicians"
"252","29-9091","Athletic trainers"
"253","31-0000","Healthcare support occupations"
"254","31-1011","Home health aides"
"255","31-1012","Nursing aides, orderlies, and attendants"
"256","31-1013","Psychiatric aides"
"257","31-2011","Occupational therapist assistants"
"258","31-2012","Occupational therapist aides"
"259","31-2021","Physical therapist assistants"
"260","31-2022","Physical therapist aides"
"261","31-9011","Massage therapists"
"262","31-9091","Dental assistants"
"263","31-9092","Medical assistants"
"264","31-9093","Medical equipment preparers"
"265","31-9094","Medical transcriptionists"
"266","31-9095","Pharmacy aides"
"267","31-9096","Veterinary assistants and laboratory animal caretakers"
"268","33-0000","Protective service occupations"
"269","33-1011","First-line supervisors/managers of correctional officers"
"270","33-1012","First-line supervisors/managers of police and detectives"
"271","33-1021","First-line supervisors/managers of fire fighting and prevention workers"
"272","33-2011","Fire fighters"
"273","33-2021","Fire inspectors and investigators"
"274","33-3011","Bailiffs"
"275","33-3012","Correctional officers and jailers"
"276","33-3021","Detectives and criminal investigators"
"277","33-3041","Parking enforcement workers"
"278","33-3051","Police and sheriff's patrol officers"
"279","33-9011","Animal control workers"
"280","33-9021","Private detectives and investigators"
"281","33-9032","Security guards"
"282","33-9091","Crossing guards"
"283","35-0000","Food preparation and serving related occupations"
"284","35-1011","Chefs and head cooks"
"285","35-1012","First-line supervisors/managers of food preparation and serving workers"
"286","35-2011","Cooks, fast food"
"287","35-2012","Cooks, institution and cafeteria"
"288","35-2014","Cooks, restaurant"
"289","35-2015","Cooks, short order"
"290","35-2021","Food preparation workers"
"291","35-3011","Bartenders"
"292","35-3021","Combined food preparation and serving workers, including fast food"
"293","35-3022","Counter attendants, cafeteria, food concession, and coffee shop"
"294","35-3031","Waiters and waitresses"
"295","35-3041","Food servers, nonrestaurant"
"296","35-9011","Dining room and cafeteria attendants and bartender helpers"
"297","35-9021","Dishwashers"
"298","35-9031","Hosts and hostesses, restaurant, lounge, and coffee shop"
"299","37-0000","Building and grounds cleaning and maintenance occupations"
"300","37-1011","First-line supervisors/managers of housekeeping and janitorial workers"
"301","37-1012","First-line supervisors/managers of landscaping, lawn service, and groundskeeping workers"
"302","37-2011","Janitors and cleaners, except maids and housekeeping cleaners"
"303","37-2012","Maids and housekeeping cleaners"
"304","37-2021","Pest control workers"
"305","37-3011","Landscaping and groundskeeping workers"
"306","37-3012","Pesticide handlers, sprayers, and applicators, vegetation"
"307","37-3013","Tree trimmers and pruners"
"308","39-0000","Personal care and service occupations"
"309","39-1021","First-line supervisors/managers of personal service workers"
"310","39-2021","Nonfarm animal caretakers"
"311","39-3021","Motion picture projectionists"
"312","39-3031","Ushers, lobby attendants, and ticket takers"
"313","39-3091","Amusement and recreation attendants"
"314","39-3093","Locker room, coatroom, and dressing room attendants"
"315","39-4011","Embalmers"
"316","39-4021","Funeral attendants"
"317","39-5011","Barbers"
"318","39-5012","Hairdressers, hairstylists, and cosmetologists"
"319","39-5092","Manicurists and pedicurists"
"320","39-5093","Shampooers"
"321","39-5094","Skin care specialists"
"322","39-6011","Baggage porters and bellhops"
"323","39-6021","Tour guides and escorts"
"324","39-9011","Child care workers"
"325","39-9021","Personal and home care aides"
"326","39-9031","Fitness trainers and aerobics instructors"
"327","39-9032","Recreation workers"
"328","39-9041","Residential advisors"
"329","41-0000","Sales and related occupations"
"330","41-1011","First-line supervisors/managers of retail sales workers"
"331","41-1012","First-line supervisors/managers of non-retail sales workers"
"332","41-2011","Cashiers"
"333","41-2021","Counter and rental clerks"
"334","41-2022","Parts salespersons"
"335","41-2031","Retail salespersons"
"336","41-3011","Advertising sales agents"
"337","41-3021","Insurance sales agents"
"338","41-3031","Securities, commodities, and financial services sales agents"
"339","41-3041","Travel agents"
"340","41-4011","Sales representatives, wholesale and manufacturing, technical and scientific products"
"341","41-4012","Sales representatives, wholesale and manufacturing, except technical and scientific products"
"342","41-9011","Demonstrators and product promoters"
"343","41-9022","Real estate sales agents"
"344","41-9031","Sales engineers"
"345","41-9041","Telemarketers"
"346","41-9091","Door-to-door sales workers, news and street vendors, and related workers"
"347","43-0000","Office and administrative support occupations"
"348","43-1011","First-line supervisors/managers of office and administrative support workers"
"349","43-2011","Switchboard operators, including answering service"
"350","43-3011","Bill and account collectors"
"351","43-3021","Billing and posting clerks and machine operators"
"352","43-3031","Bookkeeping, accounting, and auditing clerks"
"353","43-3051","Payroll and timekeeping clerks"
"354","43-3061","Procurement clerks"
"355","43-3071","Tellers"
"356","43-4011","Brokerage clerks"
"357","43-4021","Correspondence clerks"
"358","43-4031","Court, municipal, and license clerks"
"359","43-4041","Credit authorizers, checkers, and clerks"
"360","43-4051","Customer service representatives"
"361","43-4061","Eligibility interviewers, government programs"
"362","43-4071","File clerks"
"363","43-4081","Hotel, motel, and resort desk clerks"
"364","43-4111","Interviewers, except eligibility and loan"
"365","43-4121","Library assistants, clerical"
"366","43-4131","Loan interviewers and clerks"
"367","43-4141","New accounts clerks"
"368","43-4151","Order clerks"
"369","43-4161","Human resources assistants, except payroll and timekeeping"
"370","43-4171","Receptionists and information clerks"
"371","43-4181","Reservation and transportation ticket agents and travel clerks"
"372","43-5011","Cargo and freight agents"
"373","43-5021","Couriers and messengers"
"374","43-5031","Police, fire, and ambulance dispatchers"
"375","43-5032","Dispatchers, except police, fire, and ambulance"
"376","43-5041","Meter readers, utilities"
"377","43-5051","Postal service clerks"
"378","43-5052","Postal service mail carriers"
"379","43-5053","Postal service mail sorters, processors, and processing machine operators"
"380","43-5061","Production, planning, and expediting clerks"
"381","43-5071","Shipping, receiving, and traffic clerks"
"382","43-5081","Stock clerks and order fillers"
"383","43-5111","Weighers, measurers, checkers, and samplers, recordkeeping"
"384","43-6011","Executive secretaries and administrative assistants"
"385","43-6012","Legal secretaries"
"386","43-6013","Medical secretaries"
"387","43-6014","Secretaries, except legal, medical, and executive"
"388","43-9011","Computer operators"
"389","43-9021","Data entry keyers"
"390","43-9022","Word processors and typists"
"391","43-9031","Desktop publishers"
"392","43-9041","Insurance claims and policy processing clerks"
"393","43-9051","Mail clerks and mail machine operators, except postal service"
"394","43-9061","Office clerks, general"
"395","43-9071","Office machine operators, except computer"
"396","43-9081","Proofreaders and copy markers"
"397","43-9111","Statistical assistants"
"398","45-0000","Farming, fishing, and forestry occupations"
"399","45-2011","Agricultural inspectors"
"400","45-2041","Graders and sorters, agricultural products"
"401","45-2092","Farmworkers and laborers, crop, nursery, and greenhouse"
"402","45-2093","Farmworkers, farm and ranch animals"
"403","45-4021","Fallers"
"404","45-4022","Logging equipment operators"
"405","45-4023","Log graders and scalers"
"406","47-0000","Construction and extraction occupations"
"407","47-1011","First-line supervisors/managers of construction trades and extraction workers"
"408","47-2011","Boilermakers"
"409","47-2021","Brickmasons and blockmasons"
"410","47-2022","Stonemasons"
"411","47-2031","Carpenters"
"412","47-2041","Carpet installers"
"413","47-2044","Tile and marble setters"
"414","47-2051","Cement masons and concrete finishers"
"415","47-2061","Construction laborers"
"416","47-2071","Paving, surfacing, and tamping equipment operators"
"417","47-2072","Pile-driver operators"
"418","47-2073","Operating engineers and other construction equipment operators"
"419","47-2081","Drywall and ceiling tile installers"
"420","47-2082","Tapers"
"421","47-2111","Electricians"
"422","47-2121","Glaziers"
"423","47-2130","Insulation workers"
"424","47-2141","Painters, construction and maintenance"
"425","47-2142","Paperhangers"
"426","47-2151","Pipelayers"
"427","47-2152","Plumbers, pipefitters, and steamfitters"
"428","47-2161","Plasterers and stucco masons"
"429","47-2171","Reinforcing iron and rebar workers"
"430","47-2181","Roofers"
"431","47-2211","Sheet metal workers"
"432","47-2221","Structural iron and steel workers"
"433","47-3011","Helpers--brickmasons, blockmasons, stonemasons, and tile and marble setters"
"434","47-3012","Helpers--carpenters"
"435","47-3013","Helpers--electricians"
"436","47-3014","Helpers--painters, paperhangers, plasterers, and stucco masons"
"437","47-3015","Helpers--pipelayers, plumbers, pipefitters, and steamfitters"
"438","47-3016","Helpers--roofers"
"439","47-4011","Construction and building inspectors"
"440","47-4031","Fence erectors"
"441","47-4041","Hazardous materials removal workers"
"442","47-4051","Highway maintenance workers"
"443","47-4061","Rail-track laying and maintenance equipment operators"
"444","47-5012","Rotary drill operators, oil and gas"
"445","47-5013","Service unit operators, oil, gas, and mining"
"446","47-5021","Earth drillers, except oil and gas"
"447","47-5031","Explosives workers, ordnance handling experts, and blasters"
"448","47-5041","Continuous mining machine operators"
"449","47-5042","Mine cutting and channeling machine operators"
"450","47-5061","Roof bolters, mining"
"451","47-5071","Roustabouts, oil and gas"
"452","47-5081","Helpers--extraction workers"
"453","49-0000","Installation, maintenance, and repair occupations"
"454","49-1011","First-line supervisors/managers of mechanics, installers, and repairers"
"455","49-2011","Computer, automated teller, and office machine repairers"
"456","49-2021","Radio mechanics"
"457","49-2022","Telecommunications equipment installers and repairers, except line installers"
"458","49-2091","Avionics technicians"
"459","49-2092","Electric motor, power tool, and related repairers"
"460","49-2093","Electrical and electronics installers and repairers, transportation equipment"
"461","49-2094","Electrical and electronics repairers, commercial and industrial equipment"
"462","49-2095","Electrical and electronics repairers, powerhouse, substation, and relay"
"463","49-2096","Electronic equipment installers and repairers, motor vehicles"
"464","49-2097","Electronic home entertainment equipment installers and repairers"
"465","49-2098","Security and fire alarm systems installers"
"466","49-3011","Aircraft mechanics and service technicians"
"467","49-3021","Automotive body and related repairers"
"468","49-3022","Automotive glass installers and repairers"
"469","49-3023","Automotive service technicians and mechanics"
"470","49-3031","Bus and truck mechanics and diesel engine specialists"
"471","49-3041","Farm equipment mechanics"
"472","49-3042","Mobile heavy equipment mechanics, except engines"
"473","49-3043","Rail car repairers"
"474","49-3051","Motorboat mechanics"
"475","49-3052","Motorcycle mechanics"
"476","49-3053","Outdoor power equipment and other small engine mechanics"
"477","49-3091","Bicycle repairers"
"478","49-3093","Tire repairers and changers"
"479","49-9012","Control and valve installers and repairers, except mechanical door"
"480","49-9021","Heating, air conditioning, and refrigeration mechanics and installers"
"481","49-9031","Home appliance repairers"
"482","49-9041","Industrial machinery mechanics"
"483","49-9042","Maintenance and repair workers, general"
"484","49-9043","Maintenance workers, machinery"
"485","49-9044","Millwrights"
"486","49-9045","Refractory materials repairers, except brickmasons"
"487","49-9051","Electrical power-line installers and repairers"
"488","49-9052","Telecommunications line installers and repairers"
"489","49-9061","Camera and photographic equipment repairers"
"490","49-9062","Medical equipment repairers"
"491","49-9063","Musical instrument repairers and tuners"
"492","49-9064","Watch repairers"
"493","49-9091","Coin, vending, and amusement machine servicers and repairers"
"494","49-9094","Locksmiths and safe repairers"
"495","49-9095","Manufactured building and mobile home installers"
"496","49-9096","Riggers"
"497","49-9097","Signal and track switch repairers"
"498","49-9098","Helpers--installation, maintenance, and repair workers"
"499","51-0000","Production occupations"
"500","51-1011","First-line supervisors/managers of production and operating workers"
"501","51-2011","Aircraft structure, surfaces, rigging, and systems assemblers"
"502","51-2021","Coil winders, tapers, and finishers"
"503","51-2022","Electrical and electronic equipment assemblers"
"504","51-2023","Electromechanical equipment assemblers"
"505","51-2031","Engine and other machine assemblers"
"506","51-2041","Structural metal fabricators and fitters"
"507","51-2091","Fiberglass laminators and fabricators"
"508","51-2092","Team assemblers"
"509","51-3011","Bakers"
"510","51-3021","Butchers and meat cutters"
"511","51-3022","Meat, poultry, and fish cutters and trimmers"
"512","51-3023","Slaughterers and meat packers"
"513","51-3091","Food and tobacco roasting, baking, and drying machine operators and tenders"
"514","51-3092","Food batchmakers"
"515","51-3093","Food cooking machine operators and tenders"
"516","51-4011","Computer-controlled machine tool operators, metal and plastic"
"517","51-4012","Numerical tool and process control programmers"
"518","51-4021","Extruding and drawing machine setters, operators, and tenders, metal and plastic"
"519","51-4022","Forging machine setters, operators, and tenders, metal and plastic"
"520","51-4023","Rolling machine setters, operators, and tenders, metal and plastic"
"521","51-4031","Cutting, punching, and press machine setters, operators, and tenders, metal and plastic"
"522","51-4032","Drilling and boring machine tool setters, operators, and tenders, metal and plastic"
"523","51-4033","Grinding, lapping, polishing, and buffing machine tool setters, operators, and tenders, metal and plastic"
"524","51-4034","Lathe and turning machine tool setters, operators, and tenders, metal and plastic"
"525","51-4035","Milling and planing machine setters, operators, and tenders, metal and plastic"
"526","51-4041","Machinists"
"527","51-4051","Metal-refining furnace operators and tenders"
"528","51-4052","Pourers and casters, metal"
"529","51-4061","Model makers, metal and plastic"
"530","51-4062","Patternmakers, metal and plastic"
"531","51-4071","Foundry mold and coremakers"
"532","51-4072","Molding, coremaking, and casting machine setters, operators, and tenders, metal and plastic"
"533","51-4081","Multiple machine tool setters, operators, and tenders, metal and plastic"
"534","51-4111","Tool and die makers"
"535","51-4121","Welders, cutters, solderers, and brazers"
"536","51-4122","Welding, soldering, and brazing machine setters, operators, and tenders"
"537","51-4191","Heat treating equipment setters, operators, and tenders, metal and plastic"
"538","51-4192","Lay-out workers, metal and plastic"
"539","51-4193","Plating and coating machine setters, operators, and tenders, metal and plastic"
"540","51-4194","Tool grinders, filers, and sharpeners"
"541","51-5011","Bindery workers"
"542","51-5012","Bookbinders"
"543","51-5021","Job printers"
"544","51-5022","Prepress technicians and workers"
"545","51-5023","Printing machine operators"
"546","51-6011","Laundry and dry-cleaning workers"
"547","51-6021","Pressers, textile, garment, and related materials"
"548","51-6031","Sewing machine operators"
"549","51-6041","Shoe and leather workers and repairers"
"550","51-6051","Sewers, hand"
"551","51-6052","Tailors, dressmakers, and custom sewers"
"552","51-6061","Textile bleaching and dyeing machine operators and tenders"
"553","51-6062","Textile cutting machine setters, operators, and tenders"
"554","51-6063","Textile knitting and weaving machine setters, operators, and tenders"
"555","51-6064","Textile winding, twisting, and drawing out machine setters, operators, and tenders"
"556","51-6091","Extruding and forming machine setters, operators, and tenders, synthetic and glass fibers"
"557","51-6092","Fabric and apparel patternmakers"
"558","51-6093","Upholsterers"
"559","51-7011","Cabinetmakers and bench carpenters"
"560","51-7021","Furniture finishers"
"561","51-7031","Model makers, wood"
"562","51-7032","Patternmakers, wood"
"563","51-7041","Sawing machine setters, operators, and tenders, wood"
"564","51-7042","Woodworking machine setters, operators, and tenders, except sawing"
"565","51-8012","Power distributors and dispatchers"
"566","51-8021","Stationary engineers and boiler operators"
"567","51-8031","Water and liquid waste treatment plant and system operators"
"568","51-8091","Chemical plant and system operators"
"569","51-8092","Gas plant operators"
"570","51-8093","Petroleum pump system operators, refinery operators, and gaugers"
"571","51-9011","Chemical equipment operators and tenders"
"572","51-9012","Separating, filtering, clarifying, precipitating, and still machine setters, operators, and tenders"
"573","51-9021","Crushing, grinding, and polishing machine setters, operators, and tenders"
"574","51-9022","Grinding and polishing workers, hand"
"575","51-9023","Mixing and blending machine setters, operators, and tenders"
"576","51-9031","Cutters and trimmers, hand"
"577","51-9032","Cutting and slicing machine setters, operators, and tenders"
"578","51-9041","Extruding, forming, pressing, and compacting machine setters, operators, and tenders"
"579","51-9051","Furnace, kiln, oven, drier, and kettle operators and tenders"
"580","51-9061","Inspectors, testers, sorters, samplers, and weighers"
"581","51-9071","Jewelers and precious stone and metal workers"
"582","51-9081","Dental laboratory technicians"
"583","51-9082","Medical appliance technicians"
"584","51-9083","Ophthalmic laboratory technicians"
"585","51-9111","Packaging and filling machine operators and tenders"
"586","51-9121","Coating, painting, and spraying machine setters, operators, and tenders"
"587","51-9122","Painters, transportation equipment"
"588","51-9123","Painting, coating, and decorating workers"
"589","51-9131","Photographic process workers"
"590","51-9191","Cementing and gluing machine operators and tenders"
"591","51-9192","Cleaning, washing, and metal pickling equipment operators and tenders"
"592","51-9194","Etchers and engravers"
"593","51-9195","Molders, shapers, and casters, except metal and plastic"
"594","51-9196","Paper goods machine setters, operators, and tenders"
"595","51-9197","Tire builders"
"596","51-9198","Helpers--production workers"
"597","53-0000","Transportation and material moving occupations"
"598","53-1021","First-line supervisors/managers of helpers, laborers, and material movers, hand"
"599","53-1031","First-line supervisors/managers of transportation and material-moving machine and vehicle operators"
"600","53-2011","Airline pilots, copilots, and flight engineers"
"601","53-2012","Commercial pilots"
"602","53-2021","Air traffic controllers"
"603","53-3021","Bus drivers, transit and intercity"
"604","53-3022","Bus drivers, school"
"605","53-3031","Driver/sales workers"
"606","53-3032","Truck drivers, heavy and tractor-trailer"
"607","53-3033","Truck drivers, light or delivery services"
"608","53-3041","Taxi drivers and chauffeurs"
"609","53-4011","Locomotive engineers"
"610","53-4021","Railroad brake, signal, and switch operators"
"611","53-4031","Railroad conductors and yardmasters"
"612","53-5022","Motorboat operators"
"613","53-6011","Bridge and lock tenders"
"614","53-6021","Parking lot attendants"
"615","53-6031","Service station attendants"
"616","53-6041","Traffic technicians"
"617","53-6051","Transportation inspectors"
"618","53-7011","Conveyor operators and tenders"
"619","53-7021","Crane and tower operators"
"620","53-7031","Dredge operators"
"621","53-7032","Excavating and loading machine and dragline operators"
"622","53-7033","Loading machine operators, underground mining"
"623","53-7041","Hoist and winch operators"
"624","53-7051","Industrial truck and tractor operators"
"625","53-7061","Cleaners of vehicles and equipment"
"626","53-7062","Laborers and freight, stock, and material movers, hand"
"627","53-7063","Machine feeders and offbearers"
"628","53-7064","Packers and packagers, hand"
"629","53-7071","Gas compressor and gas pumping station operators"
"630","53-7072","Pump operators, except wellhead pumpers"
"631","53-7081","Refuse and recyclable material collectors"
"632","53-7121","Tank car, truck, and ship loaders"
"633","17-2171","Petroleum engineers"
"634","19-1022","Microbiologists"
"635","19-2043","Hydrologists"
"636","19-3091","Anthropologists and archeologists"
"637","19-4093","Forest and conservation technicians"
"638","21-2021","Directors, religious activities and education"
"639","29-1071","Physician assistants"
"640","39-6031","Flight attendants"
"641","45-1011","First-line supervisors/managers of farming, fishing, and forestry workers"
"642","47-5011","Derrick operators, oil and gas"
"643","49-3092","Recreational vehicle service technicians"
"644","51-8013","Power plant operators"
"645","51-9193","Cooling and freezing equipment operators and tenders"
"646","53-1011","Aircraft cargo handling supervisors"
"647","53-2022","Airfield operations specialists"
"648","53-5011","Sailors and marine oilers"
"649","53-5021","Captains, mates, and pilots of water vessels"
"650","11-9071","Gaming managers"
"651","17-1012","Landscape architects"
"652","19-1021","Biochemists and biophysicists"
"653","19-2011","Astronomers"
"654","19-2012","Physicists"
"655","27-1022","Fashion designers"
"656","27-1027","Set and exhibit designers"
"657","27-2011","Actors"
"658","27-4014","Sound engineering technicians"
"659","29-1064","Obstetricians and gynecologists"
"660","29-1081","Podiatrists"
"661","33-2022","Forest fire inspectors and prevention specialists"
"662","33-3031","Fish and game wardens"
"663","33-9031","Gaming surveillance officers and gaming investigators"
"664","39-1011","Gaming supervisors"
"665","39-1012","Slot key persons"
"666","39-2011","Animal trainers"
"667","39-3011","Gaming dealers"
"668","39-3012","Gaming and sports book writers and runners"
"669","39-3092","Costume attendants"
"670","39-6012","Concierges"
"671","39-6022","Travel guides"
"672","39-6032","Transportation attendants, except flight attendants and baggage porters"
"673","41-2012","Gaming change persons and booth cashiers"
"674","41-9012","Models"
"675","43-2021","Telephone operators"
"676","43-3041","Gaming cage workers"
"677","45-2091","Agricultural equipment operators"
"678","47-2042","Floor layers, except carpet, wood, and hard tiles"
"679","47-4021","Elevator installers and repairers"
"680","47-4071","Septic tank servicers and sewer pipe cleaners"
"681","47-5051","Rock splitters, quarry"
"682","51-9132","Photographic processing machine operators"
"683","53-3011","Ambulance drivers and attendants, except emergency medical technicians"
"684","13-1032","Insurance appraisers, auto damage"
"685","23-1021","Administrative law judges, adjudicators, and hearing officers"
"686","25-1071","Health specialties teachers, postsecondary"
"687","25-9021","Farm and home management advisors"
"688","41-9021","Real estate brokers"
"689","45-4011","Forest and conservation workers"
"690","53-4012","Locomotive firers"
"691","53-4013","Rail yard engineers, dinkey operators, and hostlers"
"692","53-7073","Wellhead pumpers"
"693","15-2021","Mathematicians"
"694","15-2091","Mathematical technicians"
"695","17-2021","Agricultural engineers"
"696","17-2161","Nuclear engineers"
"697","19-1041","Epidemiologists"
"698","19-3032","Industrial-organizational psychologists"
"699","19-3041","Sociologists"
"700","19-3092","Geographers"
"701","19-3094","Political scientists"
"702","19-4051","Nuclear technicians"
"703","19-4092","Forensic science technicians"
"704","23-1022","Arbitrators, mediators, and conciliators"
"705","25-1031","Architecture teachers, postsecondary"
"706","25-1043","Forestry and conservation science teachers, postsecondary"
"707","25-1053","Environmental science teachers, postsecondary"
"708","25-1061","Anthropology and archeology teachers, postsecondary"
"709","25-1062","Area, ethnic, and cultural studies teachers, postsecondary"
"710","25-1082","Library science teachers, postsecondary"
"711","25-1192","Home economics teachers, postsecondary"
"712","27-2021","Athletes and sports competitors"
"713","27-2023","Umpires, referees, and other sports officials"
"714","27-2031","Dancers"
"715","29-1011","Chiropractors"
"716","29-2091","Orthotists and prosthetists"
"717","33-3052","Transit and railroad police"
"718","39-5091","Makeup artists, theatrical and performance"
"719","45-1012","Farm labor contractors"
"720","47-2043","Floor sanders and finishers"
"721","47-2053","Terrazzo workers and finishers"
"722","47-4091","Segmental pavers"
"723","49-9011","Mechanical door repairers"
"724","49-9093","Fabric menders, except garment"
"725","51-2093","Timing device assemblers, adjusters, and calibrators"
"726","51-6042","Shoe machine operators and tenders"
"727","51-9141","Semiconductor processors"
"728","53-4041","Subway and streetcar operators"
"729","53-5031","Ship engineers"
"730","51-8011","Nuclear power reactor operators"
"731","49-9092","Commercial divers"
"732","45-2021","Animal breeders"
"733","53-7111","Shuttle car operators"
"734","00-0000","All occupations"
"735","11-3041","Compensation and benefits managers"
"736","11-3042","Training and development managers"
"737","11-3049","Human resources managers, all other"
"738","11-9039","Education administrators, all other"
"739","11-9199","Managers, all other"
"740","13-1079","Human resources, training, and labor relations specialists, all other"
"741","13-1081","Logisticians"
"742","13-1199","Business operations specialists, all other"
"743","13-2099","Financial specialists, all other"
"744","15-1099","Computer specialists, all other"
"745","17-2199","Engineers, all other"
"746","17-3019","Drafters, all other"
"747","17-3029","Engineering technicians, except drafters, all other"
"748","19-1012","Food scientists and technologists"
"749","19-1013","Soil and plant scientists"
"750","19-1029","Biological scientists, all other"
"751","19-2099","Physical scientists, all other"
"752","19-3039","Psychologists, all other"
"753","19-3099","Social scientists and related workers, all other"
"754","19-4099","Life, physical, and social science technicians, all other"
"755","21-1019","Counselors, all other"
"756","21-1029","Social workers, all other"
"757","21-1099","Community and social service specialists, all other"
"758","23-2099","Legal support workers, all other"
"759","25-1199","Postsecondary teachers, all other"
"760","25-3099","Teachers and instructors, all other"
"761","25-4011","Archivists"
"762","25-4012","Curators"
"763","25-4013","Museum technicians and conservators"
"764","25-9099","Education, training, and library workers, all other"
"765","27-1012","Craft artists"
"766","27-1019","Artists and related workers, all other"
"767","27-1029","Designers, all other"
"768","27-2099","Entertainers and performers, sports and related workers, all other"
"769","27-3011","Radio and television announcers"
"770","27-3012","Public address system and other announcers"
"771","27-3021","Broadcast news analysts"
"772","27-3022","Reporters and correspondents"
"773","27-3099","Media and communication workers, all other"
"774","27-4099","Media and communication equipment workers, all other"
"775","29-1021","Dentists, general"
"776","29-1022","Oral and maxillofacial surgeons"
"777","29-1023","Orthodontists"
"778","29-1069","Physicians and surgeons, all other"
"779","29-1129","Therapists, all other"
"780","29-1199","Health diagnosing and treating practitioners, all other"
"781","29-2099","Health technologists and technicians, all other"
"782","29-9011","Occupational health and safety specialists"
"783","29-9012","Occupational health and safety technicians"
"784","29-9099","Healthcare practitioners and technical workers, all other"
"785","31-9099","Healthcare support workers, all other"
"786","33-1099","First-line supervisors/managers, protective service workers, all other"
"787","33-9092","Lifeguards, ski patrol, and other recreational protective service workers"
"788","33-9099","Protective service workers, all other"
"789","35-2019","Cooks, all other"
"790","35-9099","Food preparation and serving related workers, all other"
"791","37-2019","Building cleaning workers, all other"
"792","37-3019","Grounds maintenance workers, all other"
"793","39-9099","Personal care and service workers, all other"
"794","41-3099","Sales representatives, services, all other"
"795","41-9099","Sales and related workers, all other"
"796","43-4199","All other information and record clerks"
"797","43-9199","Office and administrative support workers, all other"
"798","45-2099","Agricultural workers, all other"
"799","47-2131","Insulation workers, floor, ceiling, and wall"
"800","47-3019","Helpers, construction trades, all other"
"801","47-4099","Construction and related workers, all other"
"802","47-5049","Mining machine operators, all other"
"803","47-5099","Extraction workers, all other"
"804","49-9069","Precision instrument and equipment repairers, all other"
"805","49-9099","Installation, maintenance, and repair workers, all other"
"806","51-2099","Assemblers and fabricators, all other"
"807","51-4199","Metal workers and plastic workers, all other"
"808","51-6099","Textile, apparel, and furnishings workers, all other"
"809","51-7099","Woodworkers, all other"
"810","51-8099","Plant and system operators, all other"
"811","51-9199","Production workers, all other"
"812","53-3099","Motor vehicle operators, all other"
"813","53-6099","Transportation workers, all other"
"814","53-7199","Material moving workers, all other"
"815","39-3019","Gaming service workers, all other"
"816","45-3011","Fishers and related fishing workers"
"817","45-4029","Logging workers, all other"
"818","19-1099","Life scientists, all other"
"819","21-2099","Religious workers, all other"
"820","43-2099","Communications equipment operators, all other"
"821","25-1069","Social sciences teachers, postsecondary, all other"
"822","47-2132","Insulation workers, mechanical"
"823","15-2099","Mathematical scientists, all other"
"824","19-1011","Animal scientists"
"825","19-4061","Social science research assistants"
"826","35-2013","Cooks, private household"
"827","39-3099","Entertainment attendants and related workers, all other"
"828","53-4099","Rail transportation workers, all other"
"829","11-9012","Farmers and ranchers"
"830","29-1024","Prosthodontists"
"831","29-1029","Dentists, all other specialists"
"832","11-3111","Compensation and benefits managers"
"833","11-3121","Human resources managers"
"834","11-3131","Training and development managers"
"835","11-9013","Farmers, ranchers, and other agricultural managers"
"836","11-9161","Emergency management directors"
"837","13-1078","Human resources, training, and labor relations specialists, all other*"
"838","13-1141","Compensation, benefits, and job analysis specialists"
"839","13-1151","Training and development specialists"
"840","13-1161","Market research analysts and marketing specialists*"
"841","15-1111","Computer and information research scientists"
"842","15-1121","Computer systems analysts"
"843","15-1131","Computer programmers"
"844","15-1132","Software developers, applications"
"845","15-1133","Software developers, systems software"
"846","15-1141","Database administrators"
"847","15-1142","Network and computer systems administrators*"
"848","15-1150","Computer support specialists"
"849","15-1179","Information security analysts, web developers, and computer network architects"
"850","15-1799","Computer occupations, all other*"
"851","21-1798","Community and social service specialists, all other*"
"852","23-1012","Judicial law clerks"
"853","25-2053","Special education teachers, middle school"
"854","25-2054","Special education teachers, secondary school"
"855","25-3999","Teachers and instructors, all other*"
"856","29-1128","Therapists, all other*"
"857","29-1181","Audiologists"
"858","29-2037","Radiologic technologists and technicians*"
"859","29-2799","Health technologists and technicians, all other*"
"860","29-9799","Healthcare practitioners and technical workers, all other*"
"861","31-9799","Healthcare support workers, all other*"
"862","33-9093","Transportation security screeners* (federal only)"
"863","39-4831","Funeral service managers, directors, morticians, and undertakers"
"864","39-7011","Tour guides and escorts"
"865","41-9799","Sales and related workers, all other*"
"866","43-9799","Office and administrative support workers, all other*"
"867","47-4799","Construction and related workers, all other*"
"868","49-9071","Maintenance and repair workers, general"
"869","49-9799","Installation, maintenance, and repair workers, all other*"
"870","51-5111","Prepress technicians and workers"
"871","51-5112","Printing press operators"
"872","51-5113","Print binding and finishing workers"
"873","51-9151","Photographic process workers and processing machine operators"
"874","51-9399","Production workers, all other*"
"875","53-2031","Flight attendants"
"876","53-6061","Transportation attendants, except flight attendants"
"877","13-1074","Farm labor contractors"
"878","39-7012","Travel guides"
"879","13-1075","Labor relations specialists"
"880","13-1131","Fundraisers"
"881","15-1122","Information security analysts"
"882","15-1134","Web developers"
"883","15-1143","Computer network architects"
"884","15-1151","Computer user support specialists"
"885","15-1152","Computer network support specialists"
"886","15-1199","Computer occupations, all other"
"887","21-1094","Community health workers"
"888","25-2051","Special education teachers, preschool"
"889","25-2052","Special education teachers, kindergarten and elementary school"
"890","25-2059","Special education teachers, all other"
"891","25-3098","Substitute teachers"
"892","29-1141","Registered nurses"
"893","29-1151","Nurse anesthetists"
"894","29-1171","Nurse practitioners"
"895","29-2035","Magnetic resonance imaging technologists"
"896","29-2057","Ophthalmic medical technicians"
"897","29-2092","Hearing aid specialists"
"898","31-1014","Nursing assistants"
"899","31-1015","Orderlies"
"900","31-9097","Phlebotomists"
"901","39-4031","Morticians, undertakers, and funeral directors"
"902","43-3099","Financial clerks, all other"
"903","51-3099","Food processing workers, all other"
"904","29-1161","Nurse midwives"
"905","47-2231","Solar photovoltaic installers"
"906","29-9092","Genetic counselors"
"907","49-9081","Wind turbine service technicians"
"908","25-3097","Teachers and instructors, all other, except substitute teachers"
